{
  "GET Seller Product id" : {
    "transaction" : "GET Seller Product id",
    "sampleCount" : 200,
    "errorCount" : 180,
    "errorPct" : 90.0,
    "meanResTime" : 1803.77,
    "medianResTime" : 1512.5,
    "minResTime" : 561.0,
    "maxResTime" : 7315.0,
    "pct1ResTime" : 2762.0,
    "pct2ResTime" : 3402.6999999999994,
    "pct3ResTime" : 7108.090000000004,
    "throughput" : 1.3630663540701162,
    "receivedKBytesPerSec" : 0.49184865022354285,
    "sentKBytesPerSec" : 0.4672229397252058
  },
  "POST Register" : {
    "transaction" : "POST Register",
    "sampleCount" : 200,
    "errorCount" : 200,
    "errorPct" : 100.0,
    "meanResTime" : 771.91,
    "medianResTime" : 555.0,
    "minResTime" : 203.0,
    "maxResTime" : 3089.0,
    "pct1ResTime" : 1504.8000000000002,
    "pct2ResTime" : 1830.9,
    "pct3ResTime" : 2746.1800000000035,
    "throughput" : 1.4066577109459069,
    "receivedKBytesPerSec" : 0.4588121830624345,
    "sentKBytesPerSec" : 1.371456925942988
  },
  "POST buyer order" : {
    "transaction" : "POST buyer order",
    "sampleCount" : 200,
    "errorCount" : 188,
    "errorPct" : 94.0,
    "meanResTime" : 1168.895,
    "medianResTime" : 1130.0,
    "minResTime" : 275.0,
    "maxResTime" : 3299.0,
    "pct1ResTime" : 1576.9,
    "pct2ResTime" : 1650.1,
    "pct3ResTime" : 2838.190000000007,
    "throughput" : 1.3833267625312113,
    "receivedKBytesPerSec" : 0.48011165176132076,
    "sentKBytesPerSec" : 0.5579237821537014
  },
  "GET buyer order" : {
    "transaction" : "GET buyer order",
    "sampleCount" : 200,
    "errorCount" : 0,
    "errorPct" : 0.0,
    "meanResTime" : 743.7799999999999,
    "medianResTime" : 711.0,
    "minResTime" : 320.0,
    "maxResTime" : 1306.0,
    "pct1ResTime" : 983.8,
    "pct2ResTime" : 1057.95,
    "pct3ResTime" : 1291.3300000000015,
    "throughput" : 1.395215805004639,
    "receivedKBytesPerSec" : 18.552010157171058,
    "sentKBytesPerSec" : 0.46598027862459623
  },
  "POST Seller Product" : {
    "transaction" : "POST Seller Product",
    "sampleCount" : 200,
    "errorCount" : 185,
    "errorPct" : 92.5,
    "meanResTime" : 2695.6899999999996,
    "medianResTime" : 2382.5,
    "minResTime" : 605.0,
    "maxResTime" : 7403.0,
    "pct1ResTime" : 4689.600000000001,
    "pct2ResTime" : 6310.65,
    "pct3ResTime" : 7053.040000000002,
    "throughput" : 1.325486453528445,
    "receivedKBytesPerSec" : 0.4515261837422459,
    "sentKBytesPerSec" : 114.42479272705583
  },
  "GET buyer order id" : {
    "transaction" : "GET buyer order id",
    "sampleCount" : 200,
    "errorCount" : 0,
    "errorPct" : 0.0,
    "meanResTime" : 740.8749999999998,
    "medianResTime" : 669.5,
    "minResTime" : 138.0,
    "maxResTime" : 2013.0,
    "pct1ResTime" : 1122.7,
    "pct2ResTime" : 1226.8499999999997,
    "pct3ResTime" : 1917.0400000000045,
    "throughput" : 1.4002072306701392,
    "receivedKBytesPerSec" : 0.3664604861519505,
    "sentKBytesPerSec" : 0.47585167604805506
  },
  "DELETE Seller Product id" : {
    "transaction" : "DELETE Seller Product id",
    "sampleCount" : 200,
    "errorCount" : 183,
    "errorPct" : 91.5,
    "meanResTime" : 1299.7500000000005,
    "medianResTime" : 1074.0,
    "minResTime" : 318.0,
    "maxResTime" : 6958.0,
    "pct1ResTime" : 2308.9,
    "pct2ResTime" : 2641.6499999999996,
    "pct3ResTime" : 5956.99,
    "throughput" : 1.380157475968008,
    "receivedKBytesPerSec" : 0.44518165460179004,
    "sentKBytesPerSec" : 0.5027331431016279
  },
  "POST Login" : {
    "transaction" : "POST Login",
    "sampleCount" : 200,
    "errorCount" : 0,
    "errorPct" : 0.0,
    "meanResTime" : 1153.9899999999989,
    "medianResTime" : 901.0,
    "minResTime" : 218.0,
    "maxResTime" : 3165.0,
    "pct1ResTime" : 2020.6,
    "pct2ResTime" : 2405.0999999999995,
    "pct3ResTime" : 3086.350000000003,
    "throughput" : 1.3883971648929891,
    "receivedKBytesPerSec" : 0.6697931635323601,
    "sentKBytesPerSec" : 0.5762390576948442
  },
  "GET Seller Product" : {
    "transaction" : "GET Seller Product",
    "sampleCount" : 200,
    "errorCount" : 0,
    "errorPct" : 0.0,
    "meanResTime" : 2854.5350000000008,
    "medianResTime" : 2733.0,
    "minResTime" : 665.0,
    "maxResTime" : 7317.0,
    "pct1ResTime" : 4554.6,
    "pct2ResTime" : 4898.0,
    "pct3ResTime" : 6011.97,
    "throughput" : 1.336023193362637,
    "receivedKBytesPerSec" : 8.390460502144316,
    "sentKBytesPerSec" : 0.45012500167002895
  },
  "Total" : {
    "transaction" : "Total",
    "sampleCount" : 2400,
    "errorCount" : 936,
    "errorPct" : 39.0,
    "meanResTime" : 1302.2024999999999,
    "medianResTime" : 940.0,
    "minResTime" : 91.0,
    "maxResTime" : 7403.0,
    "pct1ResTime" : 2656.000000000001,
    "pct2ResTime" : 3274.8999999999996,
    "pct3ResTime" : 5827.949999999999,
    "throughput" : 15.238288740174479,
    "receivedKBytesPerSec" : 31.478481323969195,
    "sentKBytesPerSec" : 115.50475913781446
  },
  "GET buyer product " : {
    "transaction" : "GET buyer product ",
    "sampleCount" : 200,
    "errorCount" : 0,
    "errorPct" : 0.0,
    "meanResTime" : 916.18,
    "medianResTime" : 815.0,
    "minResTime" : 304.0,
    "maxResTime" : 5233.0,
    "pct1ResTime" : 1334.8,
    "pct2ResTime" : 1649.0499999999995,
    "pct3ResTime" : 4473.300000000008,
    "throughput" : 1.3812822443073904,
    "receivedKBytesPerSec" : 2.2998888931094736,
    "sentKBytesPerSec" : 0.5449590104494002
  },
  "GET buyer product id" : {
    "transaction" : "GET buyer product id",
    "sampleCount" : 200,
    "errorCount" : 0,
    "errorPct" : 0.0,
    "meanResTime" : 565.2999999999997,
    "medianResTime" : 487.0,
    "minResTime" : 97.0,
    "maxResTime" : 2464.0,
    "pct1ResTime" : 940.4000000000001,
    "pct2ResTime" : 1118.95,
    "pct3ResTime" : 2309.71,
    "throughput" : 1.3815112351401198,
    "receivedKBytesPerSec" : 1.165650104649476,
    "sentKBytesPerSec" : 0.4721962229482831
  },
  "PUT buyer order id" : {
    "transaction" : "PUT buyer order id",
    "sampleCount" : 200,
    "errorCount" : 0,
    "errorPct" : 0.0,
    "meanResTime" : 911.7550000000002,
    "medianResTime" : 684.0,
    "minResTime" : 91.0,
    "maxResTime" : 3687.0,
    "pct1ResTime" : 1676.9000000000008,
    "pct2ResTime" : 2151.499999999998,
    "pct3ResTime" : 2566.99,
    "throughput" : 1.4061335545650127,
    "receivedKBytesPerSec" : 0.36801151623381184,
    "sentKBytesPerSec" : 0.5410318559556786
  }
}