{
  "GET List Product" : {
    "transaction" : "GET List Product",
    "sampleCount" : 200,
    "errorCount" : 0,
    "errorPct" : 0.0,
    "meanResTime" : 1424.515,
    "medianResTime" : 1376.5,
    "minResTime" : 326.0,
    "maxResTime" : 2548.0,
    "pct1ResTime" : 1846.5,
    "pct2ResTime" : 2094.8999999999996,
    "pct3ResTime" : 2533.4400000000005,
    "throughput" : 0.8106486810745959,
    "receivedKBytesPerSec" : 9.310003233728255,
    "sentKBytesPerSec" : 0.604139096167253
  },
  "PUT Profile" : {
    "transaction" : "PUT Profile",
    "sampleCount" : 200,
    "errorCount" : 0,
    "errorPct" : 0.0,
    "meanResTime" : 2676.775000000001,
    "medianResTime" : 2479.0,
    "minResTime" : 1277.0,
    "maxResTime" : 6221.0,
    "pct1ResTime" : 3692.3,
    "pct2ResTime" : 4623.949999999999,
    "pct3ResTime" : 5708.350000000002,
    "throughput" : 0.7980081716036772,
    "receivedKBytesPerSec" : 1.2413624967082164,
    "sentKBytesPerSec" : 6.7527077414772725
  },
  "PUT Update Offer-1" : {
    "transaction" : "PUT Update Offer-1",
    "sampleCount" : 200,
    "errorCount" : 0,
    "errorPct" : 0.0,
    "meanResTime" : 1458.275,
    "medianResTime" : 1422.5,
    "minResTime" : 464.0,
    "maxResTime" : 2895.0,
    "pct1ResTime" : 1886.1000000000001,
    "pct2ResTime" : 2068.7499999999995,
    "pct3ResTime" : 2691.5600000000004,
    "throughput" : 0.8083616933560752,
    "receivedKBytesPerSec" : 24.383389752348293,
    "sentKBytesPerSec" : 0.5871595155286281
  },
  "GET Profile" : {
    "transaction" : "GET Profile",
    "sampleCount" : 200,
    "errorCount" : 0,
    "errorPct" : 0.0,
    "meanResTime" : 1407.3200000000002,
    "medianResTime" : 1254.0,
    "minResTime" : 236.0,
    "maxResTime" : 4880.0,
    "pct1ResTime" : 2330.2000000000003,
    "pct2ResTime" : 2824.649999999999,
    "pct3ResTime" : 4514.980000000001,
    "throughput" : 0.8061915511125444,
    "receivedKBytesPerSec" : 1.252698852184779,
    "sentKBytesPerSec" : 0.587401871372138
  },
  "GET List Categories" : {
    "transaction" : "GET List Categories",
    "sampleCount" : 200,
    "errorCount" : 0,
    "errorPct" : 0.0,
    "meanResTime" : 1073.9249999999995,
    "medianResTime" : 1118.0,
    "minResTime" : 196.0,
    "maxResTime" : 2364.0,
    "pct1ResTime" : 1739.2,
    "pct2ResTime" : 1941.95,
    "pct3ResTime" : 2280.9300000000003,
    "throughput" : 0.8181297553792031,
    "receivedKBytesPerSec" : 0.8548816779841283,
    "sentKBytesPerSec" : 0.5988006729117238
  },
  "PUT Update Offer-0" : {
    "transaction" : "PUT Update Offer-0",
    "sampleCount" : 200,
    "errorCount" : 0,
    "errorPct" : 0.0,
    "meanResTime" : 1002.5350000000002,
    "medianResTime" : 1019.5,
    "minResTime" : 209.0,
    "maxResTime" : 2221.0,
    "pct1ResTime" : 1469.7,
    "pct2ResTime" : 1717.7499999999995,
    "pct3ResTime" : 2129.94,
    "throughput" : 0.8112076448208448,
    "receivedKBytesPerSec" : 1.0605826980563464,
    "sentKBytesPerSec" : 0.6573713044421731
  },
  "POST Registration" : {
    "transaction" : "POST Registration",
    "sampleCount" : 200,
    "errorCount" : 199,
    "errorPct" : 99.5,
    "meanResTime" : 1946.605000000001,
    "medianResTime" : 1901.0,
    "minResTime" : 531.0,
    "maxResTime" : 3267.0,
    "pct1ResTime" : 2689.7,
    "pct2ResTime" : 2885.5499999999997,
    "pct3ResTime" : 3248.92,
    "throughput" : 0.7964890761523206,
    "receivedKBytesPerSec" : 0.4889501763725498,
    "sentKBytesPerSec" : 0.6406603442027542
  },
  "PUT Update Product-0" : {
    "transaction" : "PUT Update Product-0",
    "sampleCount" : 200,
    "errorCount" : 0,
    "errorPct" : 0.0,
    "meanResTime" : 1135.2749999999992,
    "medianResTime" : 1141.0,
    "minResTime" : 42.0,
    "maxResTime" : 2765.0,
    "pct1ResTime" : 1603.2,
    "pct2ResTime" : 1904.0,
    "pct3ResTime" : 2509.140000000001,
    "throughput" : 0.8217669633245404,
    "receivedKBytesPerSec" : 0.5713848416865945,
    "sentKBytesPerSec" : 8.17006492986219
  },
  "GET Get Product" : {
    "transaction" : "GET Get Product",
    "sampleCount" : 200,
    "errorCount" : 0,
    "errorPct" : 0.0,
    "meanResTime" : 1141.0299999999997,
    "medianResTime" : 1125.0,
    "minResTime" : 42.0,
    "maxResTime" : 3554.0,
    "pct1ResTime" : 1516.6,
    "pct2ResTime" : 1607.4499999999998,
    "pct3ResTime" : 1956.3600000000006,
    "throughput" : 0.817457625040362,
    "receivedKBytesPerSec" : 1.8169712058215244,
    "sentKBytesPerSec" : 0.6078244489313785
  },
  "PUT Update Product-1" : {
    "transaction" : "PUT Update Product-1",
    "sampleCount" : 200,
    "errorCount" : 0,
    "errorPct" : 0.0,
    "meanResTime" : 1638.9150000000002,
    "medianResTime" : 1605.5,
    "minResTime" : 233.0,
    "maxResTime" : 3100.0,
    "pct1ResTime" : 2257.5,
    "pct2ResTime" : 2450.85,
    "pct3ResTime" : 3071.250000000001,
    "throughput" : 0.8228657947032129,
    "receivedKBytesPerSec" : 25.912574237923415,
    "sentKBytesPerSec" : 0.5983937916832954
  },
  "GET Get Categories-1" : {
    "transaction" : "GET Get Categories-1",
    "sampleCount" : 200,
    "errorCount" : 0,
    "errorPct" : 0.0,
    "meanResTime" : 1365.9899999999996,
    "medianResTime" : 1406.0,
    "minResTime" : 291.0,
    "maxResTime" : 2153.0,
    "pct1ResTime" : 1803.8,
    "pct2ResTime" : 1902.35,
    "pct3ResTime" : 2126.2800000000007,
    "throughput" : 0.8124994921878174,
    "receivedKBytesPerSec" : 24.39836792973098,
    "sentKBytesPerSec" : 0.5803975864702585
  },
  "DELETE Delete Product" : {
    "transaction" : "DELETE Delete Product",
    "sampleCount" : 200,
    "errorCount" : 0,
    "errorPct" : 0.0,
    "meanResTime" : 3214.659999999999,
    "medianResTime" : 3199.5,
    "minResTime" : 216.0,
    "maxResTime" : 6887.0,
    "pct1ResTime" : 4262.0,
    "pct2ResTime" : 4763.4,
    "pct3ResTime" : 6727.9400000000005,
    "throughput" : 0.8246130503261345,
    "receivedKBytesPerSec" : 26.551783251490487,
    "sentKBytesPerSec" : 1.2316368981355499
  },
  "GET Get Categories-0" : {
    "transaction" : "GET Get Categories-0",
    "sampleCount" : 200,
    "errorCount" : 0,
    "errorPct" : 0.0,
    "meanResTime" : 923.3850000000001,
    "medianResTime" : 957.0,
    "minResTime" : 123.0,
    "maxResTime" : 1763.0,
    "pct1ResTime" : 1477.7,
    "pct2ResTime" : 1616.85,
    "pct3ResTime" : 1709.98,
    "throughput" : 0.8161266628580756,
    "receivedKBytesPerSec" : 0.5674630702685056,
    "sentKBytesPerSec" : 0.5989285787154166
  },
  "PUT Update Product" : {
    "transaction" : "PUT Update Product",
    "sampleCount" : 200,
    "errorCount" : 0,
    "errorPct" : 0.0,
    "meanResTime" : 2774.3700000000017,
    "medianResTime" : 2651.0,
    "minResTime" : 299.0,
    "maxResTime" : 5259.0,
    "pct1ResTime" : 3689.2,
    "pct2ResTime" : 3983.85,
    "pct3ResTime" : 5146.070000000001,
    "throughput" : 0.8209809901851722,
    "receivedKBytesPerSec" : 26.424058873573035,
    "sentKBytesPerSec" : 8.7592738782321
  },
  "POST Login" : {
    "transaction" : "POST Login",
    "sampleCount" : 200,
    "errorCount" : 0,
    "errorPct" : 0.0,
    "meanResTime" : 1658.16,
    "medianResTime" : 1518.5,
    "minResTime" : 543.0,
    "maxResTime" : 3236.0,
    "pct1ResTime" : 2916.3000000000015,
    "pct2ResTime" : 3043.7,
    "pct3ResTime" : 3231.5300000000007,
    "throughput" : 0.7968698950522348,
    "receivedKBytesPerSec" : 1.6110234623399287,
    "sentKBytesPerSec" : 0.6287606967332319
  },
  "GET List Offer" : {
    "transaction" : "GET List Offer",
    "sampleCount" : 200,
    "errorCount" : 0,
    "errorPct" : 0.0,
    "meanResTime" : 1040.335,
    "medianResTime" : 1018.0,
    "minResTime" : 289.0,
    "maxResTime" : 2483.0,
    "pct1ResTime" : 1493.5,
    "pct2ResTime" : 1605.5,
    "pct3ResTime" : 2251.840000000002,
    "throughput" : 0.8109149147525696,
    "receivedKBytesPerSec" : 1.0800135448131856,
    "sentKBytesPerSec" : 0.6071091896932714
  },
  "PUT Update Offer" : {
    "transaction" : "PUT Update Offer",
    "sampleCount" : 200,